{"slug":"sum","title":"Finding the sum of an array","sizeInterpretation":"Number of elements in the array","series":[{"name":"foldMap","results":[{"size":1000,"stats":{"moe":0.000002223884359048136,"rme":0.9744855377586449,"sem":0.0000011346348770653756,"deviation":0.000010764091572575198,"mean":0.0002282111199067313,"sample":[0.0002653158578947368,0.0002735766526315789,0.0002661086947368421,0.0002205674845814978,0.00023683771365638767,0.0002282088898678414,0.0002215947885462555,0.00022056615859030837,0.00022172491189427314,0.00022300319823788546,0.00023198566666666665,0.0002248519342105263,0.00022528081140350877,0.0002208661403508772,0.00023642386403508774,0.00022357527192982455,0.00022524685964912282,0.0002283402149122807,0.0002207179254385965,0.00021965698684210525,0.00022474952192982455,0.00022115834632034631,0.00022309158008658008,0.00022421302164502165,0.00022493922943722942,0.00021908864935064936,0.0002236630606060606,0.00022452845454545454,0.00021831936796536797,0.0002188268051948052,0.00027141578448275865,0.00022573469396551724,0.00022155833189655173,0.00023890343103448276,0.0002382897974137931,0.00023192628448275861,0.000221522375,0.0002215043275862069,0.00022381387499999998,0.00022156150862068965,0.00023221687931034482,0.00022159581896551725,0.00022531762068965516,0.00023446125431034483,0.00023444253879310347,0.00022219271551724137,0.0002248116724137931,0.00022383246120689657,0.0002230581422413793,0.0002331508793103448,0.00022383310344827588,0.00022238114655172414,0.0002220167801724138,0.00022398631896551724,0.0002457957543103448,0.00022309836637931035,0.0002277746724137931,0.0002215574396551724,0.00022420549137931034,0.00022834340517241381,0.0002219300775862069,0.0002451510129310345,0.00022699084482758622,0.00022796302586206897,0.00023919381896551724,0.0002300777370689655,0.00022870419396551724,0.00022146840948275863,0.0002241579525862069,0.00022514163793103449,0.0002190733448275862,0.00022592690948275863,0.0002227197801724138,0.00022519927155172412,0.00022213419396551723,0.00024060771551724137,0.000229551625,0.00022566144827586206,0.00022163982327586207,0.00024180971551724138,0.00022148626724137932,0.00022751402586206897,0.00022409430172413796,0.0002277229224137931,0.00022444443103448276,0.0002352827801724138,0.0002328058879310345,0.0002202866422413793,0.00022735796551724138,0.0002215720948275862],"variance":1.1586566738278442e-10}},{"size":2000,"stats":{"moe":0.000004017612174169801,"rme":0.9037575391204795,"sem":0.00000204980212967847,"deviation":0.00001900908294189274,"mean":0.0004445453564990084,"sample":[0.00047642087596899224,0.00045598391472868215,0.000448596496124031,0.00044890196899224807,0.00044401718604651164,0.0004532308604651163,0.00044534332558139535,0.0004436097519379845,0.00044302567441860467,0.00045335571317829454,0.00044502430232558137,0.00045082217829457363,0.0004507411240310078,0.0004593639534883721,0.00044527246511627907,0.00045815766666666664,0.0004436850542635659,0.0004541188062015504,0.00045241976744186046,0.00044714122480620156,0.0004553492868217054,0.000452661503875969,0.0004624584651162791,0.0004505659379844961,0.0004663943953488372,0.00045227441085271314,0.000456236496124031,0.0004534726511627907,0.00045494649612403104,0.0004550091860465116,0.00046188575968992245,0.0004445692558139535,0.00044389853488372094,0.00046925058139534885,0.000427712031007752,0.00042794613178294573,0.0004423913875968992,0.0004499392790697674,0.0005849326976744186,0.0004374096511627907,0.0004454087131782946,0.00044785669767441857,0.0004321243255813954,0.0004434167906976744,0.00042557769767441857,0.00044308977519379845,0.00044781308527131787,0.000422955503875969,0.00044242632558139534,0.0004296949069767442,0.00044366362790697675,0.0004413582868217054,0.00042604862015503876,0.00043765906976744184,0.000426666,0.0004396787984496124,0.00042782122480620154,0.00043018467441860463,0.00043715161240310077,0.00043667723255813953,0.0004413344341085271,0.0004299216976744186,0.0004257415968992248,0.00044391500775193795,0.00042904631782945734,0.00044332979069767445,0.0004256427829457364,0.00044488977519379844,0.0004382115891472868,0.00042610530232558137,0.0004481261860465116,0.0004319406744186047,0.00044176312403100776,0.0004422993488372093,0.0004253412868217054,0.0004434367596899225,0.00042576231782945735,0.0004385227751937984,0.0004403431705426356,0.000429753007751938,0.00044371661240310076,0.00043449703875968995,0.0004429581007751938,0.0004240547441860465,0.0004350234496124031,0.0004394143488372093],"variance":3.6134523429175764e-10}},{"size":3000,"stats":{"moe":0.000006894382340155992,"rme":1.0445422125089194,"sem":0.000003517542010283669,"deviation":0.000032620342645249775,"mean":0.0006600386521092483,"sample":[0.0006999992558139535,0.000665711023255814,0.0006402036395348837,0.0006630769651162791,0.0006664809302325581,0.0006397374418604651,0.0006673858604651163,0.0006443036976744186,0.0006736230930232558,0.0006615505930232558,0.0006475971860465116,0.0006652040930232558,0.0006496444069767442,0.0006391152093023256,0.0006584802790697674,0.0006360974767441861,0.0006680743837209302,0.0006725284651162791,0.000639817988372093,0.0006603488604651163,0.0006492085465116279,0.0006455543837209303,0.0006582595,0.0006553219534883721,0.0006689167558139535,0.0006672347093023256,0.0006538127441860465,0.0007210645465116279,0.0006446734302325581,0.0006443636860465116,0.0006724995,0.0006489008953488372,0.0006652461046511628,0.0006679954186046512,0.0006534062093023256,0.000672151511627907,0.0006493708604651163,0.0006477599418604651,0.0006734969534883721,0.000646535511627907,0.0006711950232558139,0.0006687243604651163,0.0006378983139534884,0.0006577171627906976,0.0006439706162790698,0.0006445077441860466,0.0006545145348837209,0.0006431910930232559,0.0006632531627906977,0.0006587278023255814,0.0006349913023255814,0.0006560271395348838,0.0006442512674418605,0.0006398958953488372,0.0007855810697674419,0.0008860261860465116,0.0006392418139534884,0.0006571346046511628,0.0006633652093023256,0.0006412455232558139,0.0006561532674418605,0.000660652988372093,0.0006366698720930233,0.0006944547441860465,0.0006427549534883721,0.0006389565697674419,0.0006647840813953489,0.0006366770697674419,0.0006613930930232558,0.0006630215465116279,0.000650189546511628,0.0006633867790697674,0.0006408108488372093,0.0006363640581395349,0.000711167011627907,0.000639905988372093,0.0006572470930232558,0.0006643940813953489,0.0006373260581395349,0.0006577587209302325,0.0006421967093023256,0.0006388642441860465,0.0006569256627906977,0.0006333492441860464,0.0006593062209302326,0.0006623997906976745],"variance":1.0640867542935012e-9}},{"size":4000,"stats":{"moe":0.000011027558981657785,"rme":1.2436366972775452,"sem":0.000005626305602886625,"deviation":0.00005000769804968832,"mean":0.0008867186860759497,